# alter table post  alter column create_date set default current_timestamp;


-- users
-- password in plaintext: "password"
# insert into users (user_id, password, email, username, first_name, last_name, active) values(1, '$2a$10$TcOwid0zlt7.JUcE8TZkT.GpvsBLDAxZOSy1Svg6LlAvnI3SCqo4.', 'kkc@gmail.com', 'kkc123', 'first_name', 'surname', 1);
-- password in plaintext: "password"
# insert into users (user_id, password, email, username, first_name, last_name, active) values(2, '88c75c78bfd909aa3e85d341863b09b5', 'user@gmail.com', 'user', 'john', 'doe', 1);
-- password in plaintext: "password"
# insert into users (user_id, password, email, username, first_name, last_name, active) values (3, 'dea212cee54d411bae0bf792869c0468', 'ana@gmail.com', 'user3', 'ana', 'surname', 1);

-- roles
insert into roles (role_id, role) values (1, 'ROLE_ADMIN');
insert into roles (role_id, role) values (2, 'ROLE_USER');

-- user roles
# insert into user_role (user_id, role_id) values (1, 1);
# insert into user_role (user_id, role_id) values (2, 2);
# insert into user_role (user_id, role_id) values (3, 2);

-- -- posts
# insert into posts (post_id, user_id, title, body, create_date) values (1, 1, 'title 1','"lorem ipsum dolor sit amet, consectetur adipiscing elit, sed do eiusmod tempor incididunt ut labore et dolore magna aliqua. ut enim ad minim veniam, quis nostrud exercitation ullamco laboris nisi ut aliquip ex ea commodo consequat. duis aute irure dolor in reprehenderit in voluptate velit esse cillum dolore eu fugiat nulla pariatur. excepteur sint occaecat cupidatat non proident, sunt in culpa qui officia deserunt mollit anim id est laborum."',current_timestamp());
# insert into posts (post_id, user_id, title, body, create_date) values (2, 1, 'title 2', '"lorem ipsum dolor sit amet, consectetur adipiscing elit, sed do eiusmod tempor incididunt ut labore et dolore magna aliqua. ut enim ad minim veniam, quis nostrud exercitation ullamco laboris nisi ut aliquip ex ea commodo consequat. duis aute irure dolor in reprehenderit in voluptate velit esse cillum dolore eu fugiat nulla pariatur. excepteur sint occaecat cupidatat non proident, sunt in culpa qui officia deserunt mollit anim id est laborum."', current_timestamp());
# insert into posts (post_id, user_id, title, body, create_date) values (3, 1, 'title 3', '"lorem ipsum dolor sit amet, consectetur adipiscing elit, sed do eiusmod tempor incididunt ut labore et dolore magna aliqua. ut enim ad minim veniam, quis nostrud exercitation ullamco laboris nisi ut aliquip ex ea commodo consequat. duis aute irure dolor in reprehenderit in voluptate velit esse cillum dolore eu fugiat nulla pariatur. excepteur sint occaecat cupidatat non proident, sunt in culpa qui officia deserunt mollit anim id est laborum."', current_timestamp());
# insert into posts (post_id, user_id, title, body, create_date) values (4, 1, 'title 4',         '"lorem ipsum dolor sit amet, consectetur adipiscing elit, sed do eiusmod tempor incididunt ut labore et dolore magna aliqua. ut enim ad minim veniam, quis nostrud exercitation ullamco laboris nisi ut aliquip ex ea commodo consequat. duis aute irure dolor in reprehenderit in voluptate velit esse cillum dolore eu fugiat nulla pariatur. excepteur sint occaecat cupidatat non proident, sunt in culpa qui officia deserunt mollit anim id est laborum."',current_timestamp());
# insert into posts (post_id, user_id, title, body, create_date)  values (5, 1, 'title 5','"lorem ipsum dolor sit amet, consectetur adipiscing elit, sed do eiusmod tempor incididunt ut labore et dolore magna aliqua. ut enim ad minim veniam, quis nostrud exercitation ullamco laboris nisi ut aliquip ex ea commodo consequat. duis aute irure dolor in reprehenderit in voluptate velit esse cillum dolore eu fugiat nulla pariatur. excepteur sint occaecat cupidatat non proident, sunt in culpa qui officia deserunt mollit anim id est laborum."', current_timestamp());
# insert into posts (post_id, user_id, title, body, create_date) values (6, 1, 'title 6',         '"lorem ipsum dolor sit amet, consectetur adipiscing elit, sed do eiusmod tempor incididunt ut labore et dolore magna aliqua. ut enim ad minim veniam, quis nostrud exercitation ullamco laboris nisi ut aliquip ex ea commodo consequat. duis aute irure dolor in reprehenderit in voluptate velit esse cillum dolore eu fugiat nulla pariatur. excepteur sint occaecat cupidatat non proident, sunt in culpa qui officia deserunt mollit anim id est laborum."',current_timestamp());
# insert into posts (post_id, user_id, title, body, create_date) values (7, 2, 'title 7',  '"lorem ipsum dolor sit amet, consectetur adipiscing elit, sed do eiusmod tempor incididunt ut labore et dolore magna aliqua. ut enim ad minim veniam, quis nostrud exercitation ullamco laboris nisi ut aliquip ex ea commodo consequat. duis aute irure dolor in reprehenderit in voluptate velit esse cillum dolore eu fugiat nulla pariatur. excepteur sint occaecat cupidatat non proident, sunt in culpa qui officia deserunt mollit anim id est laborum."',current_timestamp());
# insert into posts (post_id, user_id, title, body, create_date) values (8, 2, 'title 8','"lorem ipsum dolor sit amet, consectetur adipiscing elit, sed do eiusmod tempor incididunt ut labore et dolore magna aliqua. ut enim ad minim veniam, quis nostrud exercitation ullamco laboris nisi ut aliquip ex ea commodo consequat. duis aute irure dolor in reprehenderit in voluptate velit esse cillum dolore eu fugiat nulla pariatur. excepteur sint occaecat cupidatat non proident, sunt in culpa qui officia deserunt mollit anim id est laborum."',current_timestamp());
# insert into posts (post_id, user_id, title, body, create_date) values (9, 2, 'title 9','"lorem ipsum dolor sit amet, consectetur adipiscing elit, sed do eiusmod tempor incididunt ut labore et dolore magna aliqua. ut enim ad minim veniam, quis nostrud exercitation ullamco laboris nisi ut aliquip ex ea commodo consequat. duis aute irure dolor in reprehenderit in voluptate velit esse cillum dolore eu fugiat nulla pariatur. excepteur sint occaecat cupidatat non proident, sunt in culpa qui officia deserunt mollit anim id est laborum."',current_timestamp());
# insert into posts (post_id, user_id, title, body, create_date) values (10, 2, 'title 10', '"lorem ipsum dolor sit amet, consectetur adipiscing elit, sed do eiusmod tempor incididunt ut labore et dolore magna aliqua. ut enim ad minim veniam, quis nostrud exercitation ullamco laboris nisi ut aliquip ex ea commodo consequat. duis aute irure dolor in reprehenderit in voluptate velit esse cillum dolore eu fugiat nulla pariatur. excepteur sint occaecat cupidatat non proident, sunt in culpa qui officia deserunt mollit anim id est laborum."',current_timestamp());
# insert into posts (post_id, user_id, title, body, create_date) values (11, 3, 'title 11', '"lorem ipsum dolor sit amet, consectetur adipiscing elit, sed do eiusmod tempor incididunt ut labore et dolore magna aliqua. ut enim ad minim veniam, quis nostrud exercitation ullamco laboris nisi ut aliquip ex ea commodo consequat. duis aute irure dolor in reprehenderit in voluptate velit esse cillum dolore eu fugiat nulla pariatur. excepteur sint occaecat cupidatat non proident, sunt in culpa qui officia deserunt mollit anim id est laborum."',current_timestamp());
# insert into posts (post_id, user_id, title, body, create_date) values (12, 3, 'title 12', '"lorem ipsum dolor sit amet, consectetur adipiscing elit, sed do eiusmod tempor incididunt ut labore et dolore magna aliqua. ut enim ad minim veniam, quis nostrud exercitation ullamco laboris nisi ut aliquip ex ea commodo consequat. duis aute irure dolor in reprehenderit in voluptate velit esse cillum dolore eu fugiat nulla pariatur. excepteur sint occaecat cupidatat non proident, sunt in culpa qui officia deserunt mollit anim id est laborum."',current_timestamp());
#
# -- comments
# insert into comments (comment_id,post_id, user_id, body, create_date) values (1,1, 1, '"lorem ipsum dolor sit amet, consectetur adipiscing elit,"',  current_timestamp());
# insert into comments (comment_id,post_id, user_id, body, create_date) values (2,1, 2,'"lorem ipsum dolor sit amet, consectetur adipiscing elit, "',  current_timestamp());
# insert into comments (comment_id,post_id, user_id, body, create_date) values (3,1, 3, '"lorem ipsum dolor sit amet, consectetur adipiscing elit,."', current_timestamp());
# insert into comments (comment_id,post_id, user_id, body, create_date) values (4,6, 1, '"lorem ipsum dolor sit amet, consectetur adipiscing elit,."', current_timestamp());
# insert into comments (comment_id,post_id, user_id, body, create_date) values (5,6, 2, '"lorem ipsum dolor sit amet, consectetur adipiscing elit,."', current_timestamp());
# insert into comments (comment_id,post_id, user_id, body, create_date) values (6,6, 3,'"lorem ipsum dolor sit amet, consectetur adipiscing elit, ."', current_timestamp());